,id,Имя Папы
0,1,Буйный
1,2,Соловчик
2,3,Барин
3,4,Буйный
4,5,Барин
5,6,Барин
6,7,Соловчик
7,8,Геркулес
8,9,Буйный
9,10,Барин
10,11,Буйный
11,12,Соловчик
12,13,Барин
13,14,Буйный
14,15,Геркулес
15,16,Буйный
16,17,Буйный
17,18,Буйный
18,19,Соловчик
19,20,Барин
20,21,Буйный
21,22,Буйный
22,23,Соловчик
23,24,Геркулес
24,25,Буйный
25,26,Буйный
26,27,Барин
27,28,Буйный
28,29,Барин
29,30,Геркулес
30,31,Барин
31,32,Буйный
32,33,Буйный
33,34,Геркулес
34,35,Соловчик
35,36,Барин
36,37,Барин
37,38,Соловчик
38,39,Буйный
39,40,Барин
40,41,Геркулес
41,42,Буйный
42,43,Барин
43,44,Барин
44,45,Геркулес
45,46,Соловчик
46,47,Буйный
47,48,Соловчик
48,49,Барин
49,50,Буйный
50,51,Геркулес
51,52,Буйный
52,53,Геркулес
53,54,Барин
54,55,Барин
55,56,Барин
56,57,Барин
57,58,Буйный
58,59,Буйный
59,60,Буйный
60,61,Буйный
61,62,Барин
62,63,Соловчик
63,64,Буйный
64,65,Барин
65,66,Соловчик
66,67,Соловчик
67,68,Барин
68,69,Соловчик
69,70,Соловчик
70,71,Геркулес
71,72,Барин
72,73,Барин
73,74,Барин
74,75,Барин
75,76,Барин
76,77,Геркулес
77,78,Соловчик
78,79,Барин
79,80,Геркулес
80,81,Геркулес
81,82,Барин
82,83,Буйный
83,84,Барин
84,85,Барин
85,86,Буйный
86,87,Барин
87,88,Геркулес
88,89,Барин
89,90,Соловчик
90,91,Буйный
91,92,Буйный
92,93,Барин
93,94,Буйный
94,95,Буйный
95,96,Буйный
96,97,Барин
97,98,Барин
98,99,Геркулес
99,100,Барин
100,101,Буйный
101,102,Барин
102,103,Соловчик
103,104,Буйный
104,105,Барин
105,106,Буйный
106,107,Барин
107,108,Геркулес
108,109,Буйный
109,110,Буйный
110,111,Буйный
111,112,Буйный
112,113,Барин
113,114,Барин
114,115,Соловчик
115,116,Буйный
116,117,Барин
117,118,Соловчик
118,119,Соловчик
119,120,Барин
120,121,Барин
121,122,Барин
122,123,Буйный
123,124,Геркулес
124,125,Соловчик
125,126,Барин
126,127,Барин
127,128,Соловчик
128,129,Соловчик
129,130,Барин
130,131,Барин
131,132,Барин
132,133,Барин
133,134,Буйный
134,135,Барин
135,136,Буйный
136,137,Буйный
137,138,Буйный
138,139,Барин
139,140,Буйный
140,141,Барин
141,142,Соловчик
142,143,Буйный
143,144,Соловчик
144,145,Буйный
145,146,Соловчик
146,147,Буйный
147,148,Барин
148,149,Соловчик
149,150,Барин
150,151,Соловчик
151,152,Барин
152,153,Барин
153,154,Барин
154,155,Буйный
155,156,Барин
156,157,Буйный
157,158,Барин
158,159,Буйный
159,160,Геркулес
160,161,Барин
161,162,Буйный
162,163,Буйный
163,164,Барин
164,165,Барин
165,166,Соловчик
166,167,Соловчик
167,168,Геркулес
168,169,Буйный
169,170,Геркулес
170,171,Барин
171,172,Буйный
172,173,Барин
173,174,Барин
174,175,Буйный
175,176,Буйный
176,177,Геркулес
177,178,Геркулес
178,179,Барин
179,180,Буйный
180,181,Барин
181,182,Соловчик
182,183,Барин
183,184,Барин
184,185,Соловчик
185,186,Буйный
186,187,Геркулес
187,188,Буйный
188,189,Соловчик
189,190,Барин
190,191,Барин
191,192,Барин
192,193,Соловчик
193,194,Буйный
194,195,Буйный
195,196,Барин
196,197,Буйный
197,198,Буйный
198,199,Соловчик
199,200,Буйный
200,201,Соловчик
201,202,Барин
202,203,Соловчик
203,204,Буйный
204,205,Барин
205,206,Буйный
206,207,Барин
207,208,Барин
208,209,Барин
209,210,Барин
210,211,Буйный
211,212,Буйный
212,213,Буйный
213,214,Барин
214,215,Барин
215,216,Буйный
216,217,Буйный
217,218,Буйный
218,219,Буйный
219,220,Барин
220,221,Барин
221,222,Буйный
222,223,Соловчик
223,224,Геркулес
224,225,Буйный
225,226,Геркулес
226,227,Буйный
227,228,Соловчик
228,229,Барин
229,230,Буйный
230,231,Соловчик
231,232,Соловчик
232,233,Барин
233,234,Соловчик
234,235,Буйный
235,236,Барин
236,237,Буйный
237,238,Соловчик
238,239,Соловчик
239,240,Барин
240,241,Соловчик
241,242,Буйный
242,243,Соловчик
243,244,Буйный
244,245,Барин
245,246,Барин
246,247,Буйный
247,248,Барин
248,249,Геркулес
249,250,Барин
250,251,Буйный
251,252,Барин
252,253,Барин
253,254,Соловчик
254,255,Барин
255,256,Барин
256,257,Барин
257,258,Барин
258,259,Барин
259,260,Буйный
260,261,Барин
261,262,Барин
262,263,Геркулес
263,264,Барин
264,265,Буйный
265,266,Буйный
266,267,Буйный
267,268,Буйный
268,269,Барин
269,270,Соловчик
270,271,Барин
271,272,Геркулес
272,273,Барин
273,274,Барин
274,275,Барин
275,276,Барин
276,277,Барин
277,278,Барин
278,279,Геркулес
279,280,Барин
280,281,Барин
281,282,Барин
282,283,Барин
283,284,Барин
284,285,Барин
285,286,Буйный
286,287,Соловчик
287,288,Соловчик
288,289,Буйный
289,290,Барин
290,291,Буйный
291,292,Барин
292,293,Барин
293,294,Соловчик
294,295,Буйный
295,296,Буйный
296,297,Буйный
297,298,Буйный
298,299,Буйный
299,300,Буйный
300,301,Барин
301,302,Геркулес
302,303,Соловчик
303,304,Соловчик
304,305,Буйный
305,306,Соловчик
306,307,Буйный
307,308,Буйный
308,309,Барин
309,310,Буйный
310,311,Барин
311,312,Барин
312,313,Соловчик
313,314,Буйный
314,315,Буйный
315,316,Барин
316,317,Соловчик
317,318,Барин
318,319,Буйный
319,320,Барин
320,321,Буйный
321,322,Барин
322,323,Барин
323,324,Буйный
324,325,Барин
325,326,Барин
326,327,Барин
327,328,Соловчик
328,329,Геркулес
329,330,Барин
330,331,Соловчик
331,332,Буйный
332,333,Геркулес
333,334,Барин
334,335,Барин
335,336,Соловчик
336,337,Барин
337,338,Буйный
338,339,Барин
339,340,Буйный
340,341,Буйный
341,342,Геркулес
342,343,Барин
343,344,Геркулес
344,345,Барин
345,346,Барин
346,347,Соловчик
347,348,Барин
348,349,Буйный
349,350,Барин
350,351,Буйный
351,352,Геркулес
352,353,Буйный
353,354,Соловчик
354,355,Барин
355,356,Соловчик
356,357,Барин
357,358,Буйный
358,359,Буйный
359,360,Барин
360,361,Геркулес
361,362,Соловчик
362,363,Буйный
363,364,Геркулес
364,365,Буйный
365,366,Барин
366,367,Буйный
367,368,Соловчик
368,369,Барин
369,370,Барин
370,371,Буйный
371,372,Геркулес
372,373,Буйный
373,374,Буйный
374,375,Буйный
375,376,Геркулес
376,377,Соловчик
377,378,Барин
378,379,Барин
379,380,Соловчик
380,381,Буйный
381,382,Барин
382,383,Буйный
383,384,Барин
384,385,Барин
385,386,Буйный
386,387,Соловчик
387,388,Соловчик
388,389,Соловчик
389,390,Барин
390,391,Соловчик
391,392,Буйный
392,393,Геркулес
393,394,Буйный
394,395,Соловчик
395,396,Геркулес
396,397,Барин
397,398,Барин
398,399,Барин
399,400,Барин
400,401,Барин
401,402,Барин
402,403,Буйный
403,404,Барин
404,405,Барин
405,406,Соловчик
406,407,Барин
407,408,Соловчик
408,409,Геркулес
409,410,Барин
410,411,Буйный
411,412,Соловчик
412,413,Барин
413,414,Барин
414,415,Буйный
415,416,Барин
416,417,Буйный
417,418,Соловчик
418,419,Буйный
419,420,Буйный
420,421,Геркулес
421,422,Буйный
422,423,Геркулес
423,424,Геркулес
424,425,Барин
425,426,Буйный
426,427,Буйный
427,428,Геркулес
428,429,Геркулес
429,430,Буйный
430,431,Барин
431,432,Буйный
432,433,Барин
433,434,Барин
434,435,Барин
435,436,Барин
436,437,Буйный
437,438,Буйный
438,439,Буйный
439,440,Буйный
440,441,Соловчик
441,442,Соловчик
442,443,Буйный
443,444,Буйный
444,445,Буйный
445,446,Барин
446,447,Геркулес
447,448,Барин
448,449,Буйный
449,450,Буйный
450,451,Буйный
451,452,Буйный
452,453,Буйный
453,454,Барин
454,455,Барин
455,456,Геркулес
456,457,Барин
457,458,Барин
458,459,Геркулес
459,460,Соловчик
460,461,Соловчик
461,462,Барин
462,463,Соловчик
463,464,Барин
464,465,Буйный
465,466,Геркулес
466,467,Соловчик
467,468,Барин
468,469,Геркулес
469,470,Буйный
470,471,Соловчик
471,472,Соловчик
472,473,Буйный
473,474,Буйный
474,475,Буйный
475,476,Буйный
476,477,Барин
477,478,Геркулес
478,479,Барин
479,480,Барин
480,481,Буйный
481,482,Буйный
482,483,Барин
483,484,Буйный
484,485,Барин
485,486,Буйный
486,487,Барин
487,488,Буйный
488,489,Буйный
489,490,Соловчик
490,491,Буйный
491,492,Барин
492,493,Геркулес
493,494,Соловчик
494,495,Барин
495,496,Соловчик
496,497,Барин
497,498,Барин
498,499,Буйный
499,500,Буйный
500,501,Барин
501,502,Барин
502,503,Соловчик
503,504,Буйный
504,505,Геркулес
505,506,Геркулес
506,507,Буйный
507,508,Буйный
508,509,Соловчик
509,510,Барин
510,511,Барин
511,512,Барин
512,513,Барин
513,514,Буйный
514,515,Буйный
515,516,Буйный
516,517,Буйный
517,518,Буйный
518,519,Барин
519,520,Буйный
520,521,Соловчик
521,522,Барин
522,523,Барин
523,524,Соловчик
524,525,Буйный
525,526,Барин
526,527,Барин
527,528,Буйный
528,529,Соловчик
529,530,Буйный
530,531,Буйный
531,532,Барин
532,533,Соловчик
533,534,Соловчик
534,535,Геркулес
535,536,Геркулес
536,537,Барин
537,538,Барин
538,539,Соловчик
539,540,Барин
540,541,Барин
541,542,Буйный
542,543,Геркулес
543,544,Буйный
544,545,Барин
545,546,Буйный
546,547,Барин
547,548,Соловчик
548,549,Буйный
549,550,Буйный
550,551,Буйный
551,552,Барин
552,553,Буйный
553,554,Барин
554,555,Буйный
555,556,Барин
556,557,Буйный
557,558,Буйный
558,559,Барин
559,560,Барин
560,561,Соловчик
561,562,Соловчик
562,563,Соловчик
563,564,Буйный
564,565,Барин
565,566,Геркулес
566,567,Буйный
567,568,Геркулес
568,569,Соловчик
569,570,Буйный
570,571,Барин
571,572,Соловчик
572,573,Барин
573,574,Буйный
574,575,Барин
575,576,Буйный
576,577,Соловчик
577,578,Буйный
578,579,Барин
579,580,Барин
580,581,Барин
581,582,Барин
582,583,Геркулес
583,584,Буйный
584,585,Барин
585,586,Барин
586,587,Буйный
587,588,Буйный
588,589,Барин
589,590,Барин
590,591,Буйный
591,592,Соловчик
592,593,Соловчик
593,594,Буйный
594,595,Буйный
595,596,Барин
596,597,Барин
597,598,Соловчик
598,599,Барин
599,600,Буйный
600,601,Барин
601,602,Буйный
602,603,Геркулес
603,604,Буйный
604,605,Барин
605,606,Соловчик
606,607,Буйный
607,608,Соловчик
608,609,Соловчик
609,610,Буйный
610,611,Барин
611,612,Барин
612,613,Буйный
613,614,Соловчик
614,615,Буйный
615,616,Буйный
616,617,Буйный
617,618,Геркулес
618,619,Буйный
619,620,Соловчик
620,621,Буйный
621,622,Буйный
622,623,Барин
623,624,Барин
624,625,Буйный
625,626,Барин
626,627,Барин
627,628,Барин
628,629,Соловчик
